<project>
    <shortName>kanainvaders</shortName>
    <fullName>Kana Invaders</fullName>
    <version>0.3beta4</version>
    <readmeFile>../readme.txt</readmeFile>
    <licenseFile>../license.txt</licenseFile>
    <leftImage>bitrock_leftlogo.png</leftImage>
    <logoImage>bitrock_toplogo.png</logoImage>
    <enableRollback>1</enableRollback>
    <saveRelativePaths>1</saveRelativePaths>
    <componentList>
        <component>
            <name>default</name>
            <description>Default Component</description>
            <canBeEdited>1</canBeEdited>
            <selected>1</selected>
            <show>1</show>
            <desktopShortcutList>
                <shortcut>
                    <comment>Launch ${product_fullname}</comment>
                    <exec>${installdir}/${product_shortname}</exec>
                    <icon>${installdir}/kanainvaders_32x32.xpm</icon>
                    <name>${product_fullname}</name>
                    <path>${installdir}/</path>
                    <platforms>all</platforms>
                    <runInTerminal>0</runInTerminal>
                    <windowsExec>${installdir}/${product_shortname}.${platform_exec_suffix}</windowsExec>
                    <windowsExecArgs></windowsExecArgs>
                    <windowsIcon>${installdir}/kanainvaders.ico</windowsIcon>
                    <windowsPath>${installdir}/</windowsPath>
                </shortcut>
            </desktopShortcutList>
            <folderList>
                <folder>
                    <description>Program Files</description>
                    <destination>${installdir}</destination>
                    <name>programfiles</name>
                    <platforms>all</platforms>
                    <distributionFileList>
                        <distributionDirectory>
                            <origin>../data</origin>
                        </distributionDirectory>
                        <distributionFile>
                            <origin>../zlib1.dll</origin>
                        </distributionFile>
                        <distributionFile>
                            <origin>../libfreetype-6.dll</origin>
                        </distributionFile>
                        <distributionFile>
                            <origin>../libpng12-0.dll</origin>
                        </distributionFile>
                        <distributionFile>
                            <origin>../SDL.dll</origin>
                        </distributionFile>
                        <distributionFile>
                            <origin>../SDL_image.dll</origin>
                        </distributionFile>
                        <distributionFile>
                            <origin>../SDL_mixer.dll</origin>
                        </distributionFile>
                        <distributionFile>
                            <origin>../SDL_ttf.dll</origin>
                        </distributionFile>
                        <distributionFile>
                            <origin>../readme.txt</origin>
                        </distributionFile>
                        <distributionFile>
                            <origin>../license.txt</origin>
                        </distributionFile>
                    </distributionFileList>
                    <shortcutList>
                        <shortcut>
                            <comment>Uninstall</comment>
                            <exec>${installdir}/${uninstallerName}</exec>
                            <icon></icon>
                            <name>Uninstall ${product_fullname}</name>
                            <path>${installdir}</path>
                            <platforms>all</platforms>
                            <runInTerminal>0</runInTerminal>
                            <windowsExec>${installdir}/${uninstallerName}.exe</windowsExec>
                            <windowsExecArgs></windowsExecArgs>
                            <windowsIcon></windowsIcon>
                            <windowsPath>${installdir}</windowsPath>
                        </shortcut>
                    </shortcutList>
                </folder>
                <folder>
                    <description>Program Files</description>
                    <destination>${installdir}</destination>
                    <name>programfileslinux</name>
                    <platforms>linux</platforms>
                    <distributionFileList>
                        <distributionFile>
                            <origin>../kanainvaders</origin>
                        </distributionFile>
                        <distributionFile>
                            <origin>../linux-build/kanainvaders_16x16.xpm</origin>
                        </distributionFile>
                        <distributionFile>
                            <origin>../linux-build/kanainvaders_32x32.xpm</origin>
                        </distributionFile>
                    </distributionFileList>
                </folder>
                <folder>
                    <description>Program Files</description>
                    <destination>${installdir}</destination>
                    <name>programfileswindows</name>
                    <platforms>windows</platforms>
                    <distributionFileList>
                        <distributionFile>
                            <origin>../kanainvaders.exe</origin>
                        </distributionFile>
                        <distributionFile>
                            <origin>../win32-build/kanainvaders.ico</origin>
                        </distributionFile>
                    </distributionFileList>
                </folder>
            </folderList>
            <startMenuShortcutList>
                <startMenuShortcut>
                    <comment>Launch ${product_fullname}</comment>
                    <name>${product_fullname}</name>
                    <runInTerminal>0</runInTerminal>
                    <windowsExec>${installdir}/${product_shortname}.${platform_exec_suffix}</windowsExec>
                    <windowsExecArgs></windowsExecArgs>
                    <windowsIcon>${installdir}/kanainvaders.ico</windowsIcon>
                    <windowsPath>${installdir}/</windowsPath>
                </startMenuShortcut>
                <startMenuShortcut>
                    <comment>Uninstall ${product_fullname}</comment>
                    <name>Uninstall ${product_fullname}</name>
                    <runInTerminal>0</runInTerminal>
                    <windowsExec>${installdir}/${uninstallerName}.exe</windowsExec>
                    <windowsExecArgs></windowsExecArgs>
                    <windowsIcon></windowsIcon>
                    <windowsPath>${installdir}/</windowsPath>
                </startMenuShortcut>
            </startMenuShortcutList>
        </component>
    </componentList>
    <finalPageActionList>
        <runProgram>
            <program>${installdir}/${product_shortname}.${platform_exec_suffix}</program>
            <programArguments></programArguments>
            <progressText>Do you want to launch ${product_fullname} now?</progressText>
        </runProgram>
    </finalPageActionList>
    <parameterList>
        <directoryParameter>
            <name>installdir</name>
            <description>Installer.Parameter.installdir.description</description>
            <explanation>Installer.Parameter.installdir.explanation</explanation>
            <value>${platform_install_prefix}/${product_shortname}-${product_version}</value>
            <default>${platform_install_prefix}/${product_shortname}-${product_version}</default>
            <allowEmptyValue>0</allowEmptyValue>
            <ask>yes</ask>
            <cliOptionName>prefix</cliOptionName>
            <mustBeWritable>yes</mustBeWritable>
            <mustExist>0</mustExist>
            <width>40</width>
        </directoryParameter>
    </parameterList>
</project>

